Workbook

Sheet Отпуска
A1: График отпусков на 2027 год — ЛНР
A2: Как заполнять: жёлтые ячейки — ФИО, подразделение, дата начала и кол-во календарных дней каждой части. Дата окончания считается сама: праздники ЛНР/РФ внутри отпуска не учитываются и отпуск продлевается. Правила: всего ≥ 28 дн., одна из частей ≥ 14 дн. Строка 5 — пример, её можно перезаписать. Пересечения — на листе «Календарь».
A3: № | B3: ФИО сотрудника | C3: Подразделение / должность | D3: Часть 1 | H3: Часть 2 | L3: Часть 3 | P3: Часть 4 | T3: Итого дней | U3: Макс. часть | V3: Дней пересечений с коллегами | W3: Проверка
D4: Начало | E4: Дней | F4: Окончание | G4: Праздн. внутри | H4: Начало | I4: Дней | J4: Окончание | K4: Праздн. внутри | L4: Начало | M4: Дней | N4: Окончание | O4: Праздн. внутри | P4: Начало | Q4: Дней | R4: Окончание | S4: Праздн. внутри
A5: 1 | B5: Иванов Иван Иванович (пример) | C5: УСИП, эксперт | D5: 46511 | E5: 14 | F5: =IF(OR(D5="",E5=""),"",D5+E5-1+SUMPRODUCT((HOLIDAYS>=D5)*(HOLIDAYS-COUNTIFS(HOLIDAYS,">="&D5,HOLIDAYS,"<"&HOLIDAYS)<=D5+E5-1))) -> 46526 | G5: =IF(F5="","",F5-D5+1-E5) -> 2 | H5: 46615 | I5: 14 | J5: =IF(OR(H5="",I5=""),"",H5+I5-1+SUMPRODUCT((HOLIDAYS>=H5)*(HOLIDAYS-COUNTIFS(HOLIDAYS,">="&H5,HOLIDAYS,"<"&HOLIDAYS)<=H5+I5-1))) -> 46628 | K5: =IF(J5="","",J5-H5+1-I5) -> 0 | N5: =IF(OR(L5="",M5=""),"",L5+M5-1+SUMPRODUCT((HOLIDAYS>=L5)*(HOLIDAYS-COUNTIFS(HOLIDAYS,">="&L5,HOLIDAYS,"<"&HOLIDAYS)<=L5+M5-1))) | O5: =IF(N5="","",N5-L5+1-M5) | R5: =IF(OR(P5="",Q5=""),"",P5+Q5-1+SUMPRODUCT((HOLIDAYS>=P5)*(HOLIDAYS-COUNTIFS(HOLIDAYS,">="&P5,HOLIDAYS,"<"&HOLIDAYS)<=P5+Q5-1))) | S5: =IF(R5="","",R5-P5+1-Q5) | T5: =IF(COUNT(E5,I5,M5,Q5)=0,"",SUM(E5,I5,M5,Q5)) -> 28 | U5: =IF(T5="","",MAX(E5,I5,M5,Q5)) -> 14 | V5: =IF(T5="","",SUMPRODUCT((Календарь!$C5:$NC5=1)*(Календарь!$C$45:$NC$45>=2))) -> 0 | W5: =IF(AND($B5="",T5=""),"",IF(T5="","Нет дат",IF(T5<28,"Меньше 28 дн.",IF(U5<14,"Нет части ≥14 дн.","✔ OK")))) -> ✔ OK
A6: 2 | F6: =IF(OR(D6="",E6=""),"",D6+E6-1+SUMPRODUCT((HOLIDAYS>=D6)*(HOLIDAYS-COUNTIFS(HOLIDAYS,">="&D6,HOLIDAYS,"<"&HOLIDAYS)<=D6+E6-1))) | G6: =IF(F6="","",F6-D6+1-E6) | J6: =IF(OR(H6="",I6=""),"",H6+I6-1+SUMPRODUCT((HOLIDAYS>=H6)*(HOLIDAYS-COUNTIFS(HOLIDAYS,">="&H6,HOLIDAYS,"<"&HOLIDAYS)<=H6+I6-1))) | K6: =IF(J6="","",J6-H6+1-I6) | N6: =IF(OR(L6="",M6=""),"",L6+M6-1+SUMPRODUCT((HOLIDAYS>=L6)*(HOLIDAYS-COUNTIFS(HOLIDAYS,">="&L6,HOLIDAYS,"<"&HOLIDAYS)<=L6+M6-1))) | O6: =IF(N6="","",N6-L6+1-M6) | R6: =IF(OR(P6="",Q6=""),"",P6+Q6-1+SUMPRODUCT((HOLIDAYS>=P6)*(HOLIDAYS-COUNTIFS(HOLIDAYS,">="&P6,HOLIDAYS,"<"&HOLIDAYS)<=P6+Q6-1))) | S6: =IF(R6="","",R6-P6+1-Q6) | T6: =IF(COUNT(E6,I6,M6,Q6)=0,"",SUM(E6,I6,M6,Q6)) | U6: =IF(T6="","",MAX(E6,I6,M6,Q6)) | V6: =IF(T6="","",SUMPRODUCT((Календарь!$C6:$NC6=1)*(Календарь!$C$45:$NC$45>=2))) | W6: =IF(AND($B6="",T6=""),"",IF(T6="","Нет дат",IF(T6<28,"Меньше 28 дн.",IF(U6<14,"Нет части ≥14 дн.","✔ OK"))))
A7: 3 | F7: =IF(OR(D7="",E7=""),"",D7+E7-1+SUMPRODUCT((HOLIDAYS>=D7)*(HOLIDAYS-COUNTIFS(HOLIDAYS,">="&D7,HOLIDAYS,"<"&HOLIDAYS)<=D7+E7-1))) | G7: =IF(F7="","",F7-D7+1-E7) | J7: =IF(OR(H7="",I7=""),"",H7+I7-1+SUMPRODUCT((HOLIDAYS>=H7)*(HOLIDAYS-COUNTIFS(HOLIDAYS,">="&H7,HOLIDAYS,"<"&HOLIDAYS)<=H7+I7-1))) | K7: =IF(J7="","",J7-H7+1-I7) | N7: =IF(OR(L7="",M7=""),"",L7+M7-1+SUMPRODUCT((HOLIDAYS>=L7)*(HOLIDAYS-COUNTIFS(HOLIDAYS,">="&L7,HOLIDAYS,"<"&HOLIDAYS)<=L7+M7-1))) | O7: =IF(N7="","",N7-L7+1-M7) | R7: =IF(OR(P7="",Q7=""),"",P7+Q7-1+SUMPRODUCT((HOLIDAYS>=P7)*(HOLIDAYS-COUNTIFS(HOLIDAYS,">="&P7,HOLIDAYS,"<"&HOLIDAYS)<=P7+Q7-1))) | S7: =IF(R7="","",R7-P7+1-Q7) | T7: =IF(COUNT(E7,I7,M7,Q7)=0,"",SUM(E7,I7,M7,Q7)) | U7: =IF(T7="","",MAX(E7,I7,M7,Q7)) | V7: =IF(T7="","",SUMPRODUCT((Календарь!$C7:$NC7=1)*(Календарь!$C$45:$NC$45>=2))) | W7: =IF(AND($B7="",T7=""),"",IF(T7="","Нет дат",IF(T7<28,"Меньше 28 дн.",IF(U7<14,"Нет части ≥14 дн.","✔ OK"))))
A8: 4 | F8: =IF(OR(D8="",E8=""),"",D8+E8-1+SUMPRODUCT((HOLIDAYS>=D8)*(HOLIDAYS-COUNTIFS(HOLIDAYS,">="&D8,HOLIDAYS,"<"&HOLIDAYS)<=D8+E8-1))) | G8: =IF(F8="","",F8-D8+1-E8) | J8: =IF(OR(H8="",I8=""),"",H8+I8-1+SUMPRODUCT((HOLIDAYS>=H8)*(HOLIDAYS-COUNTIFS(HOLIDAYS,">="&H8,HOLIDAYS,"<"&HOLIDAYS)<=H8+I8-1))) | K8: =IF(J8="","",J8-H8+1-I8) | N8: =IF(OR(L8="",M8=""),"",L8+M8-1+SUMPRODUCT((HOLIDAYS>=L8)*(HOLIDAYS-COUNTIFS(HOLIDAYS,">="&L8,HOLIDAYS,"<"&HOLIDAYS)<=L8+M8-1))) | O8: =IF(N8="","",N8-L8+1-M8) | R8: =IF(OR(P8="",Q8=""),"",P8+Q8-1+SUMPRODUCT((HOLIDAYS>=P8)*(HOLIDAYS-COUNTIFS(HOLIDAYS,">="&P8,HOLIDAYS,"<"&HOLIDAYS)<=P8+Q8-1))) | S8: =IF(R8="","",R8-P8+1-Q8) | T8: =IF(COUNT(E8,I8,M8,Q8)=0,"",SUM(E8,I8,M8,Q8)) | U8: =IF(T8="","",MAX(E8,I8,M8,Q8)) | V8: =IF(T8="","",SUMPRODUCT((Календарь!$C8:$NC8=1)*(Календарь!$C$45:$NC$45>=2))) | W8: =IF(AND($B8="",T8=""),"",IF(T8="","Нет дат",IF(T8<28,"Меньше 28 дн.",IF(U8<14,"Нет части ≥14 дн.","✔ OK"))))
A9: 5 | F9: =IF(OR(D9="",E9=""),"",D9+E9-1+SUMPRODUCT((HOLIDAYS>=D9)*(HOLIDAYS-COUNTIFS(HOLIDAYS,">="&D9,HOLIDAYS,"<"&HOLIDAYS)<=D9+E9-1))) | G9: =IF(F9="","",F9-D9+1-E9) | J9: =IF(OR(H9="",I9=""),"",H9+I9-1+SUMPRODUCT((HOLIDAYS>=H9)*(HOLIDAYS-COUNTIFS(HOLIDAYS,">="&H9,HOLIDAYS,"<"&HOLIDAYS)<=H9+I9-1))) | K9: =IF(J9="","",J9-H9+1-I9) | N9: =IF(OR(L9="",M9=""),"",L9+M9-1+SUMPRODUCT((HOLIDAYS>=L9)*(HOLIDAYS-COUNTIFS(HOLIDAYS,">="&L9,HOLIDAYS,"<"&HOLIDAYS)<=L9+M9-1))) | O9: =IF(N9="","",N9-L9+1-M9) | R9: =IF(OR(P9="",Q9=""),"",P9+Q9-1+SUMPRODUCT((HOLIDAYS>=P9)*(HOLIDAYS-COUNTIFS(HOLIDAYS,">="&P9,HOLIDAYS,"<"&HOLIDAYS)<=P9+Q9-1))) | S9: =IF(R9="","",R9-P9+1-Q9) | T9: =IF(COUNT(E9,I9,M9,Q9)=0,"",SUM(E9,I9,M9,Q9)) | U9: =IF(T9="","",MAX(E9,I9,M9,Q9)) | V9: =IF(T9="","",SUMPRODUCT((Календарь!$C9:$NC9=1)*(Календарь!$C$45:$NC$45>=2))) | W9: =IF(AND($B9="",T9=""),"",IF(T9="","Нет дат",IF(T9<28,"Меньше 28 дн.",IF(U9<14,"Нет части ≥14 дн.","✔ OK"))))
A10: 6 | F10: =IF(OR(D10="",E10=""),"",D10+E10-1+SUMPRODUCT((HOLIDAYS>=D10)*(HOLIDAYS-COUNTIFS(HOLIDAYS,">="&D10,HOLIDAYS,"<"&HOLIDAYS)<=D10+E10-1))) | G10: =IF(F10="","",F10-D10+1-E10) | J10: =IF(OR(H10="",I10=""),"",H10+I10-1+SUMPRODUCT((HOLIDAYS>=H10)*(HOLIDAYS-COUNTIFS(HOLIDAYS,">="&H10,HOLIDAYS,"<"&HOLIDAYS)<=H10+I10-1))) | K10: =IF(J10="","",J10-H10+1-I10) | N10: =IF(OR(L10="",M10=""),"",L10+M10-1+SUMPRODUCT((HOLIDAYS>=L10)*(HOLIDAYS-COUNTIFS(HOLIDAYS,">="&L10,HOLIDAYS,"<"&HOLIDAYS)<=L10+M10-1))) | O10: =IF(N10="","",N10-L10+1-M10) | R10: =IF(OR(P10="",Q10=""),"",P10+Q10-1+SUMPRODUCT((HOLIDAYS>=P10)*(HOLIDAYS-COUNTIFS(HOLIDAYS,">="&P10,HOLIDAYS,"<"&HOLIDAYS)<=P10+Q10-1))) | S10: =IF(R10="","",R10-P10+1-Q10) | T10: =IF(COUNT(E10,I10,M10,Q10)=0,"",SUM(E10,I10,M10,Q10)) | U10: =IF(T10="","",MAX(E10,I10,M10,Q10)) | V10: =IF(T10="","",SUMPRODUCT((Календарь!$C10:$NC10=1)*(Календарь!$C$45:$NC$45>=2))) | W10: =IF(AND($B10="",T10=""),"",IF(T10="","Нет дат",IF(T10<28,"Меньше 28 дн.",IF(U10<14,"Нет части ≥14 дн.","✔ OK"))))
A11: 7 | F11: =IF(OR(D11="",E11=""),"",D11+E11-1+SUMPRODUCT((HOLIDAYS>=D11)*(HOLIDAYS-COUNTIFS(HOLIDAYS,">="&D11,HOLIDAYS,"<"&HOLIDAYS)<=D11+E11-1))) | G11: =IF(F11="","",F11-D11+1-E11) | J11: =IF(OR(H11="",I11=""),"",H11+I11-1+SUMPRODUCT((HOLIDAYS>=H11)*(HOLIDAYS-COUNTIFS(HOLIDAYS,">="&H11,HOLIDAYS,"<"&HOLIDAYS)<=H11+I11-1))) | K11: =IF(J11="","",J11-H11+1-I11) | N11: =IF(OR(L11="",M11=""),"",L11+M11-1+SUMPRODUCT((HOLIDAYS>=L11)*(HOLIDAYS-COUNTIFS(HOLIDAYS,">="&L11,HOLIDAYS,"<"&HOLIDAYS)<=L11+M11-1))) | O11: =IF(N11="","",N11-L11+1-M11) | R11: =IF(OR(P11="",Q11=""),"",P11+Q11-1+SUMPRODUCT((HOLIDAYS>=P11)*(HOLIDAYS-COUNTIFS(HOLIDAYS,">="&P11,HOLIDAYS,"<"&HOLIDAYS)<=P11+Q11-1))) | S11: =IF(R11="","",R11-P11+1-Q11) | T11: =IF(COUNT(E11,I11,M11,Q11)=0,"",SUM(E11,I11,M11,Q11)) | U11: =IF(T11="","",MAX(E11,I11,M11,Q11)) | V11: =IF(T11="","",SUMPRODUCT((Календарь!$C11:$NC11=1)*(Календарь!$C$45:$NC$45>=2))) | W11: =IF(AND($B11="",T11=""),"",IF(T11="","Нет дат",IF(T11<28,"Меньше 28 дн.",IF(U11<14,"Нет части ≥14 дн.","✔ OK"))))
A12: 8 | F12: =IF(OR(D12="",E12=""),"",D12+E12-1+SUMPRODUCT((HOLIDAYS>=D12)*(HOLIDAYS-COUNTIFS(HOLIDAYS,">="&D12,HOLIDAYS,"<"&HOLIDAYS)<=D12+E12-1))) | G12: =IF(F12="","",F12-D12+1-E12) | J12: =IF(OR(H12="",I12=""),"",H12+I12-1+SUMPRODUCT((HOLIDAYS>=H12)*(HOLIDAYS-COUNTIFS(HOLIDAYS,">="&H12,HOLIDAYS,"<"&HOLIDAYS)<=H12+I12-1))) | K12: =IF(J12="","",J12-H12+1-I12) | N12: =IF(OR(L12="",M12=""),"",L12+M12-1+SUMPRODUCT((HOLIDAYS>=L12)*(HOLIDAYS-COUNTIFS(HOLIDAYS,">="&L12,HOLIDAYS,"<"&HOLIDAYS)<=L12+M12-1))) | O12: =IF(N12="","",N12-L12+1-M12) | R12: =IF(OR(P12="",Q12=""),"",P12+Q12-1+SUMPRODUCT((HOLIDAYS>=P12)*(HOLIDAYS-COUNTIFS(HOLIDAYS,">="&P12,HOLIDAYS,"<"&HOLIDAYS)<=P12+Q12-1))) | S12: =IF(R12="","",R12-P12+1-Q12) | T12: =IF(COUNT(E12,I12,M12,Q12)=0,"",SUM(E12,I12,M12,Q12)) | U12: =IF(T12="","",MAX(E12,I12,M12,Q12)) | V12: =IF(T12="","",SUMPRODUCT((Календарь!$C12:$NC12=1)*(Календарь!$C$45:$NC$45>=2))) | W12: =IF(AND($B12="",T12=""),"",IF(T12="","Нет дат",IF(T12<28,"Меньше 28 дн.",IF(U12<14,"Нет части ≥14 дн.","✔ OK"))))
A13: 9 | F13: =IF(OR(D13="",E13=""),"",D13+E13-1+SUMPRODUCT((HOLIDAYS>=D13)*(HOLIDAYS-COUNTIFS(HOLIDAYS,">="&D13,HOLIDAYS,"<"&HOLIDAYS)<=D13+E13-1))) | G13: =IF(F13="","",F13-D13+1-E13) | J13: =IF(OR(H13="",I13=""),"",H13+I13-1+SUMPRODUCT((HOLIDAYS>=H13)*(HOLIDAYS-COUNTIFS(HOLIDAYS,">="&H13,HOLIDAYS,"<"&HOLIDAYS)<=H13+I13-1))) | K13: =IF(J13="","",J13-H13+1-I13) | N13: =IF(OR(L13="",M13=""),"",L13+M13-1+SUMPRODUCT((HOLIDAYS>=L13)*(HOLIDAYS-COUNTIFS(HOLIDAYS,">="&L13,HOLIDAYS,"<"&HOLIDAYS)<=L13+M13-1))) | O13: =IF(N13="","",N13-L13+1-M13) | R13: =IF(OR(P13="",Q13=""),"",P13+Q13-1+SUMPRODUCT((HOLIDAYS>=P13)*(HOLIDAYS-COUNTIFS(HOLIDAYS,">="&P13,HOLIDAYS,"<"&HOLIDAYS)<=P13+Q13-1))) | S13: =IF(R13="","",R13-P13+1-Q13) | T13: =IF(COUNT(E13,I13,M13,Q13)=0,"",SUM(E13,I13,M13,Q13)) | U13: =IF(T13="","",MAX(E13,I13,M13,Q13)) | V13: =IF(T13="","",SUMPRODUCT((Календарь!$C13:$NC13=1)*(Календарь!$C$45:$NC$45>=2))) | W13: =IF(AND($B13="",T13=""),"",IF(T13="","Нет дат",IF(T13<28,"Меньше 28 дн.",IF(U13<14,"Нет части ≥14 дн.","✔ OK"))))
A14: 10 | F14: =IF(OR(D14="",E14=""),"",D14+E14-1+SUMPRODUCT((HOLIDAYS>=D14)*(HOLIDAYS-COUNTIFS(HOLIDAYS,">="&D14,HOLIDAYS,"<"&HOLIDAYS)<=D14+E14-1))) | G14: =IF(F14="","",F14-D14+1-E14) | J14: =IF(OR(H14="",I14=""),"",H14+I14-1+SUMPRODUCT((HOLIDAYS>=H14)*(HOLIDAYS-COUNTIFS(HOLIDAYS,">="&H14,HOLIDAYS,"<"&HOLIDAYS)<=H14+I14-1))) | K14: =IF(J14="","",J14-H14+1-I14) | N14: =IF(OR(L14="",M14=""),"",L14+M14-1+SUMPRODUCT((HOLIDAYS>=L14)*(HOLIDAYS-COUNTIFS(HOLIDAYS,">="&L14,HOLIDAYS,"<"&HOLIDAYS)<=L14+M14-1))) | O14: =IF(N14="","",N14-L14+1-M14) | R14: =IF(OR(P14="",Q14=""),"",P14+Q14-1+SUMPRODUCT((HOLIDAYS>=P14)*(HOLIDAYS-COUNTIFS(HOLIDAYS,">="&P14,HOLIDAYS,"<"&HOLIDAYS)<=P14+Q14-1))) | S14: =IF(R14="","",R14-P14+1-Q14) | T14: =IF(COUNT(E14,I14,M14,Q14)=0,"",SUM(E14,I14,M14,Q14)) | U14: =IF(T14="","",MAX(E14,I14,M14,Q14)) | V14: =IF(T14="","",SUMPRODUCT((Календарь!$C14:$NC14=1)*(Календарь!$C$45:$NC$45>=2))) | W14: =IF(AND($B14="",T14=""),"",IF(T14="","Нет дат",IF(T14<28,"Меньше 28 дн.",IF(U14<14,"Нет части ≥14 дн.","✔ OK"))))
A15: 11 | F15: =IF(OR(D15="",E15=""),"",D15+E15-1+SUMPRODUCT((HOLIDAYS>=D15)*(HOLIDAYS-COUNTIFS(HOLIDAYS,">="&D15,HOLIDAYS,"<"&HOLIDAYS)<=D15+E15-1))) | G15: =IF(F15="","",F15-D15+1-E15) | J15: =IF(OR(H15="",I15=""),"",H15+I15-1+SUMPRODUCT((HOLIDAYS>=H15)*(HOLIDAYS-COUNTIFS(HOLIDAYS,">="&H15,HOLIDAYS,"<"&HOLIDAYS)<=H15+I15-1))) | K15: =IF(J15="","",J15-H15+1-I15) | N15: =IF(OR(L15="",M15=""),"",L15+M15-1+SUMPRODUCT((HOLIDAYS>=L15)*(HOLIDAYS-COUNTIFS(HOLIDAYS,">="&L15,HOLIDAYS,"<"&HOLIDAYS)<=L15+M15-1))) | O15: =IF(N15="","",N15-L15+1-M15) | R15: =IF(OR(P15="",Q15=""),"",P15+Q15-1+SUMPRODUCT((HOLIDAYS>=P15)*(HOLIDAYS-COUNTIFS(HOLIDAYS,">="&P15,HOLIDAYS,"<"&HOLIDAYS)<=P15+Q15-1))) | S15: =IF(R15="","",R15-P15+1-Q15) | T15: =IF(COUNT(E15,I15,M15,Q15)=0,"",SUM(E15,I15,M15,Q15)) | U15: =IF(T15="","",MAX(E15,I15,M15,Q15)) | V15: =IF(T15="","",SUMPRODUCT((Календарь!$C15:$NC15=1)*(Календарь!$C$45:$NC$45>=2))) | W15: =IF(AND($B15="",T15=""),"",IF(T15="","Нет дат",IF(T15<28,"Меньше 28 дн.",IF(U15<14,"Нет части ≥14 дн.","✔ OK"))))
A16: 12 | F16: =IF(OR(D16="",E16=""),"",D16+E16-1+SUMPRODUCT((HOLIDAYS>=D16)*(HOLIDAYS-COUNTIFS(HOLIDAYS,">="&D16,HOLIDAYS,"<"&HOLIDAYS)<=D16+E16-1))) | G16: =IF(F16="","",F16-D16+1-E16) | J16: =IF(OR(H16="",I16=""),"",H16+I16-1+SUMPRODUCT((HOLIDAYS>=H16)*(HOLIDAYS-COUNTIFS(HOLIDAYS,">="&H16,HOLIDAYS,"<"&HOLIDAYS)<=H16+I16-1))) | K16: =IF(J16="","",J16-H16+1-I16) | N16: =IF(OR(L16="",M16=""),"",L16+M16-1+SUMPRODUCT((HOLIDAYS>=L16)*(HOLIDAYS-COUNTIFS(HOLIDAYS,">="&L16,HOLIDAYS,"<"&HOLIDAYS)<=L16+M16-1))) | O16: =IF(N16="","",N16-L16+1-M16) | R16: =IF(OR(P16="",Q16=""),"",P16+Q16-1+SUMPRODUCT((HOLIDAYS>=P16)*(HOLIDAYS-COUNTIFS(HOLIDAYS,">="&P16,HOLIDAYS,"<"&HOLIDAYS)<=P16+Q16-1))) | S16: =IF(R16="","",R16-P16+1-Q16) | T16: =IF(COUNT(E16,I16,M16,Q16)=0,"",SUM(E16,I16,M16,Q16)) | U16: =IF(T16="","",MAX(E16,I16,M16,Q16)) | V16: =IF(T16="","",SUMPRODUCT((Календарь!$C16:$NC16=1)*(Календарь!$C$45:$NC$45>=2))) | W16: =IF(AND($B16="",T16=""),"",IF(T16="","Нет дат",IF(T16<28,"Меньше 28 дн.",IF(U16<14,"Нет части ≥14 дн.","✔ OK"))))
A17: 13 | F17: =IF(OR(D17="",E17=""),"",D17+E17-1+SUMPRODUCT((HOLIDAYS>=D17)*(HOLIDAYS-COUNTIFS(HOLIDAYS,">="&D17,HOLIDAYS,"<"&HOLIDAYS)<=D17+E17-1))) | G17: =IF(F17="","",F17-D17+1-E17) | J17: =IF(OR(H17="",I17=""),"",H17+I17-1+SUMPRODUCT((HOLIDAYS>=H17)*(HOLIDAYS-COUNTIFS(HOLIDAYS,">="&H17,HOLIDAYS,"<"&HOLIDAYS)<=H17+I17-1))) | K17: =IF(J17="","",J17-H17+1-I17) | N17: =IF(OR(L17="",M17=""),"",L17+M17-1+SUMPRODUCT((HOLIDAYS>=L17)*(HOLIDAYS-COUNTIFS(HOLIDAYS,">="&L17,HOLIDAYS,"<"&HOLIDAYS)<=L17+M17-1))) | O17: =IF(N17="","",N17-L17+1-M17) | R17: =IF(OR(P17="",Q17=""),"",P17+Q17-1+SUMPRODUCT((HOLIDAYS>=P17)*(HOLIDAYS-COUNTIFS(HOLIDAYS,">="&P17,HOLIDAYS,"<"&HOLIDAYS)<=P17+Q17-1))) | S17: =IF(R17="","",R17-P17+1-Q17) | T17: =IF(COUNT(E17,I17,M17,Q17)=0,"",SUM(E17,I17,M17,Q17)) | U17: =IF(T17="","",MAX(E17,I17,M17,Q17)) | V17: =IF(T17="","",SUMPRODUCT((Календарь!$C17:$NC17=1)*(Календарь!$C$45:$NC$45>=2))) | W17: =IF(AND($B17="",T17=""),"",IF(T17="","Нет дат",IF(T17<28,"Меньше 28 дн.",IF(U17<14,"Нет части ≥14 дн.","✔ OK"))))
... A44: 40 | F44: =IF(OR(D44="",E44=""),"",D44+E44-1+SUMPRODUCT((HOLIDAYS>=D44)*(HOLIDAYS-COUNTIFS(HOLIDAYS,">="&D44,HOLIDAYS,"<"&HOLIDAYS)<=D44+E44-1))) | G44: =IF(F44="","",F44-D44+1-E44) | J44: =IF(OR(H44="",I44=""),"",H44+I44-1+SUMPRODUCT((HOLIDAYS>=H44)*(HOLIDAYS-COUNTIFS(HOLIDAYS,">="&H44,HOLIDAYS,"<"&HOLIDAYS)<=H44+I44-1))) | K44: =IF(J44="","",J44-H44+1-I44) | N44: =IF(OR(L44="",M44=""),"",L44+M44-1+SUMPRODUCT((HOLIDAYS>=L44)*(HOLIDAYS-COUNTIFS(HOLIDAYS,">="&L44,HOLIDAYS,"<"&HOLIDAYS)<=L44+M44-1))) | O44: =IF(N44="","",N44-L44+1-M44) | R44: =IF(OR(P44="",Q44=""),"",P44+Q44-1+SUMPRODUCT((HOLIDAYS>=P44)*(HOLIDAYS-COUNTIFS(HOLIDAYS,">="&P44,HOLIDAYS,"<"&HOLIDAYS)<=P44+Q44-1))) | S44: =IF(R44="","",R44-P44+1-Q44) | T44: =IF(COUNT(E44,I44,M44,Q44)=0,"",SUM(E44,I44,M44,Q44)) | U44: =IF(T44="","",MAX(E44,I44,M44,Q44)) | V44: =IF(T44="","",SUMPRODUCT((Календарь!$C44:$NC44=1)*(Календарь!$C$45:$NC$45>=2))) | W44: =IF(AND($B44="",T44=""),"",IF(T44="","Нет дат",IF(T44<28,"Меньше 28 дн.",IF(U44<14,"Нет части ≥14 дн.","✔ OK"))))

Sheet Календарь
A1: Календарь отпусков 2027
A2: Зелёный — отпуск, красный — пересечение (в отпуске ≥2 чел.), розовый — праздник, серый — выходной. | C2: Январь | AH2: Февраль | BJ2: Март | CO2: Апрель | DS2: Май | EX2: Июнь | GB2: Июль | HG2: Август | IL2: Сентябрь | JP2: Октябрь | KU2: Ноябрь | LY2: Декабрь
C3: 46388 | D3: =C3+1 -> 46389 | E3: =D3+1 -> 46390 | F3: =E3+1 -> 46391 | G3: =F3+1 -> 46392 | H3: =G3+1 -> 46393 | I3: =H3+1 -> 46394 | J3: =I3+1 -> 46395 | K3: =J3+1 -> 46396 | ... NC3: =NB3+1 -> 46752
C4: =C3 -> 46388 | D4: =D3 -> 46389 | E4: =E3 -> 46390 | F4: =F3 -> 46391 | G4: =G3 -> 46392 | H4: =H3 -> 46393 | I4: =I3 -> 46394 | J4: =J3 -> 46395 | ... NC4: =NC3 -> 46752
A5: =Отпуска!A5 -> 1 | B5: =IF(Отпуска!B5="","",Отпуска!B5) -> Иванов Иван Иванович (пример) | C5: =IF(OR(AND(C$3>=Отпуска!$D5,C$3<=N(Отпуска!$F5)),AND(C$3>=Отпуска!$H5,C$3<=N(Отпуска!$J5)),AND(C$3>=Отпуска!$L5,C$3<=N(Отпуска!$N5)),AND(C$3>=Отпуска!$P5,C$3<=N(Отпуска!$R5))),1,"") | D5: =IF(OR(AND(D$3>=Отпуска!$D5,D$3<=N(Отпуска!$F5)),AND(D$3>=Отпуска!$H5,D$3<=N(Отпуска!$J5)),AND(D$3>=Отпуска!$L5,D$3<=N(Отпуска!$N5)),AND(D$3>=Отпуска!$P5,D$3<=N(Отпуска!$R5))),1,"") | E5: =IF(OR(AND(E$3>=Отпуска!$D5,E$3<=N(Отпуска!$F5)),AND(E$3>=Отпуска!$H5,E$3<=N(Отпуска!$J5)),AND(E$3>=Отпуска!$L5,E$3<=N(Отпуска!$N5)),AND(E$3>=Отпуска!$P5,E$3<=N(Отпуска!$R5))),1,"") | F5: =IF(OR(AND(F$3>=Отпуска!$D5,F$3<=N(Отпуска!$F5)),AND(F$3>=Отпуска!$H5,F$3<=N(Отпуска!$J5)),AND(F$3>=Отпуска!$L5,F$3<=N(Отпуска!$N5)),AND(F$3>=Отпуска!$P5,F$3<=N(Отпуска!$R5))),1,"") | G5: =IF(OR(AND(G$3>=Отпуска!$D5,G$3<=N(Отпуска!$F5)),AND(G$3>=Отпуска!$H5,G$3<=N(Отпуска!$J5)),AND(G$3>=Отпуска!$L5,G$3<=N(Отпуска!$N5)),AND(G$3>=Отпуска!$P5,G$3<=N(Отпуска!$R5))),1,"") | H5: =IF(OR(AND(H$3>=Отпуска!$D5,H$3<=N(Отпуска!$F5)),AND(H$3>=Отпуска!$H5,H$3<=N(Отпуска!$J5)),AND(H$3>=Отпуска!$L5,H$3<=N(Отпуска!$N5)),AND(H$3>=Отпуска!$P5,H$3<=N(Отпуска!$R5))),1,"") | I5: =IF(OR(AND(I$3>=Отпуска!$D5,I$3<=N(Отпуска!$F5)),AND(I$3>=Отпуска!$H5,I$3<=N(Отпуска!$J5)),AND(I$3>=Отпуска!$L5,I$3<=N(Отпуска!$N5)),AND(I$3>=Отпуска!$P5,I$3<=N(Отпуска!$R5))),1,"") | J5: =IF(OR(AND(J$3>=Отпуска!$D5,J$3<=N(Отпуска!$F5)),AND(J$3>=Отпуска!$H5,J$3<=N(Отпуска!$J5)),AND(J$3>=Отпуска!$L5,J$3<=N(Отпуска!$N5)),AND(J$3>=Отпуска!$P5,J$3<=N(Отпуска!$R5))),1,"") | ... NC5: =IF(OR(AND(NC$3>=Отпуска!$D5,NC$3<=N(Отпуска!$F5)),AND(NC$3>=Отпуска!$H5,NC$3<=N(Отпуска!$J5)),AND(NC$3>=Отпуска!$L5,NC$3<=N(Отпуска!$N5)),AND(NC$3>=Отпуска!$P5,NC$3<=N(Отпуска!$R5))),1,"")
A6: =Отпуска!A6 -> 2 | B6: =IF(Отпуска!B6="","",Отпуска!B6) | C6: =IF(OR(AND(C$3>=Отпуска!$D6,C$3<=N(Отпуска!$F6)),AND(C$3>=Отпуска!$H6,C$3<=N(Отпуска!$J6)),AND(C$3>=Отпуска!$L6,C$3<=N(Отпуска!$N6)),AND(C$3>=Отпуска!$P6,C$3<=N(Отпуска!$R6))),1,"") | D6: =IF(OR(AND(D$3>=Отпуска!$D6,D$3<=N(Отпуска!$F6)),AND(D$3>=Отпуска!$H6,D$3<=N(Отпуска!$J6)),AND(D$3>=Отпуска!$L6,D$3<=N(Отпуска!$N6)),AND(D$3>=Отпуска!$P6,D$3<=N(Отпуска!$R6))),1,"") | E6: =IF(OR(AND(E$3>=Отпуска!$D6,E$3<=N(Отпуска!$F6)),AND(E$3>=Отпуска!$H6,E$3<=N(Отпуска!$J6)),AND(E$3>=Отпуска!$L6,E$3<=N(Отпуска!$N6)),AND(E$3>=Отпуска!$P6,E$3<=N(Отпуска!$R6))),1,"") | F6: =IF(OR(AND(F$3>=Отпуска!$D6,F$3<=N(Отпуска!$F6)),AND(F$3>=Отпуска!$H6,F$3<=N(Отпуска!$J6)),AND(F$3>=Отпуска!$L6,F$3<=N(Отпуска!$N6)),AND(F$3>=Отпуска!$P6,F$3<=N(Отпуска!$R6))),1,"") | G6: =IF(OR(AND(G$3>=Отпуска!$D6,G$3<=N(Отпуска!$F6)),AND(G$3>=Отпуска!$H6,G$3<=N(Отпуска!$J6)),AND(G$3>=Отпуска!$L6,G$3<=N(Отпуска!$N6)),AND(G$3>=Отпуска!$P6,G$3<=N(Отпуска!$R6))),1,"") | H6: =IF(OR(AND(H$3>=Отпуска!$D6,H$3<=N(Отпуска!$F6)),AND(H$3>=Отпуска!$H6,H$3<=N(Отпуска!$J6)),AND(H$3>=Отпуска!$L6,H$3<=N(Отпуска!$N6)),AND(H$3>=Отпуска!$P6,H$3<=N(Отпуска!$R6))),1,"") | I6: =IF(OR(AND(I$3>=Отпуска!$D6,I$3<=N(Отпуска!$F6)),AND(I$3>=Отпуска!$H6,I$3<=N(Отпуска!$J6)),AND(I$3>=Отпуска!$L6,I$3<=N(Отпуска!$N6)),AND(I$3>=Отпуска!$P6,I$3<=N(Отпуска!$R6))),1,"") | J6: =IF(OR(AND(J$3>=Отпуска!$D6,J$3<=N(Отпуска!$F6)),AND(J$3>=Отпуска!$H6,J$3<=N(Отпуска!$J6)),AND(J$3>=Отпуска!$L6,J$3<=N(Отпуска!$N6)),AND(J$3>=Отпуска!$P6,J$3<=N(Отпуска!$R6))),1,"") | ... NC6: =IF(OR(AND(NC$3>=Отпуска!$D6,NC$3<=N(Отпуска!$F6)),AND(NC$3>=Отпуска!$H6,NC$3<=N(Отпуска!$J6)),AND(NC$3>=Отпуска!$L6,NC$3<=N(Отпуска!$N6)),AND(NC$3>=Отпуска!$P6,NC$3<=N(Отпуска!$R6))),1,"")
A7: =Отпуска!A7 -> 3 | B7: =IF(Отпуска!B7="","",Отпуска!B7) | C7: =IF(OR(AND(C$3>=Отпуска!$D7,C$3<=N(Отпуска!$F7)),AND(C$3>=Отпуска!$H7,C$3<=N(Отпуска!$J7)),AND(C$3>=Отпуска!$L7,C$3<=N(Отпуска!$N7)),AND(C$3>=Отпуска!$P7,C$3<=N(Отпуска!$R7))),1,"") | D7: =IF(OR(AND(D$3>=Отпуска!$D7,D$3<=N(Отпуска!$F7)),AND(D$3>=Отпуска!$H7,D$3<=N(Отпуска!$J7)),AND(D$3>=Отпуска!$L7,D$3<=N(Отпуска!$N7)),AND(D$3>=Отпуска!$P7,D$3<=N(Отпуска!$R7))),1,"") | E7: =IF(OR(AND(E$3>=Отпуска!$D7,E$3<=N(Отпуска!$F7)),AND(E$3>=Отпуска!$H7,E$3<=N(Отпуска!$J7)),AND(E$3>=Отпуска!$L7,E$3<=N(Отпуска!$N7)),AND(E$3>=Отпуска!$P7,E$3<=N(Отпуска!$R7))),1,"") | F7: =IF(OR(AND(F$3>=Отпуска!$D7,F$3<=N(Отпуска!$F7)),AND(F$3>=Отпуска!$H7,F$3<=N(Отпуска!$J7)),AND(F$3>=Отпуска!$L7,F$3<=N(Отпуска!$N7)),AND(F$3>=Отпуска!$P7,F$3<=N(Отпуска!$R7))),1,"") | G7: =IF(OR(AND(G$3>=Отпуска!$D7,G$3<=N(Отпуска!$F7)),AND(G$3>=Отпуска!$H7,G$3<=N(Отпуска!$J7)),AND(G$3>=Отпуска!$L7,G$3<=N(Отпуска!$N7)),AND(G$3>=Отпуска!$P7,G$3<=N(Отпуска!$R7))),1,"") | H7: =IF(OR(AND(H$3>=Отпуска!$D7,H$3<=N(Отпуска!$F7)),AND(H$3>=Отпуска!$H7,H$3<=N(Отпуска!$J7)),AND(H$3>=Отпуска!$L7,H$3<=N(Отпуска!$N7)),AND(H$3>=Отпуска!$P7,H$3<=N(Отпуска!$R7))),1,"") | I7: =IF(OR(AND(I$3>=Отпуска!$D7,I$3<=N(Отпуска!$F7)),AND(I$3>=Отпуска!$H7,I$3<=N(Отпуска!$J7)),AND(I$3>=Отпуска!$L7,I$3<=N(Отпуска!$N7)),AND(I$3>=Отпуска!$P7,I$3<=N(Отпуска!$R7))),1,"") | J7: =IF(OR(AND(J$3>=Отпуска!$D7,J$3<=N(Отпуска!$F7)),AND(J$3>=Отпуска!$H7,J$3<=N(Отпуска!$J7)),AND(J$3>=Отпуска!$L7,J$3<=N(Отпуска!$N7)),AND(J$3>=Отпуска!$P7,J$3<=N(Отпуска!$R7))),1,"") | ... NC7: =IF(OR(AND(NC$3>=Отпуска!$D7,NC$3<=N(Отпуска!$F7)),AND(NC$3>=Отпуска!$H7,NC$3<=N(Отпуска!$J7)),AND(NC$3>=Отпуска!$L7,NC$3<=N(Отпуска!$N7)),AND(NC$3>=Отпуска!$P7,NC$3<=N(Отпуска!$R7))),1,"")
A8: =Отпуска!A8 -> 4 | B8: =IF(Отпуска!B8="","",Отпуска!B8) | C8: =IF(OR(AND(C$3>=Отпуска!$D8,C$3<=N(Отпуска!$F8)),AND(C$3>=Отпуска!$H8,C$3<=N(Отпуска!$J8)),AND(C$3>=Отпуска!$L8,C$3<=N(Отпуска!$N8)),AND(C$3>=Отпуска!$P8,C$3<=N(Отпуска!$R8))),1,"") | D8: =IF(OR(AND(D$3>=Отпуска!$D8,D$3<=N(Отпуска!$F8)),AND(D$3>=Отпуска!$H8,D$3<=N(Отпуска!$J8)),AND(D$3>=Отпуска!$L8,D$3<=N(Отпуска!$N8)),AND(D$3>=Отпуска!$P8,D$3<=N(Отпуска!$R8))),1,"") | E8: =IF(OR(AND(E$3>=Отпуска!$D8,E$3<=N(Отпуска!$F8)),AND(E$3>=Отпуска!$H8,E$3<=N(Отпуска!$J8)),AND(E$3>=Отпуска!$L8,E$3<=N(Отпуска!$N8)),AND(E$3>=Отпуска!$P8,E$3<=N(Отпуска!$R8))),1,"") | F8: =IF(OR(AND(F$3>=Отпуска!$D8,F$3<=N(Отпуска!$F8)),AND(F$3>=Отпуска!$H8,F$3<=N(Отпуска!$J8)),AND(F$3>=Отпуска!$L8,F$3<=N(Отпуска!$N8)),AND(F$3>=Отпуска!$P8,F$3<=N(Отпуска!$R8))),1,"") | G8: =IF(OR(AND(G$3>=Отпуска!$D8,G$3<=N(Отпуска!$F8)),AND(G$3>=Отпуска!$H8,G$3<=N(Отпуска!$J8)),AND(G$3>=Отпуска!$L8,G$3<=N(Отпуска!$N8)),AND(G$3>=Отпуска!$P8,G$3<=N(Отпуска!$R8))),1,"") | H8: =IF(OR(AND(H$3>=Отпуска!$D8,H$3<=N(Отпуска!$F8)),AND(H$3>=Отпуска!$H8,H$3<=N(Отпуска!$J8)),AND(H$3>=Отпуска!$L8,H$3<=N(Отпуска!$N8)),AND(H$3>=Отпуска!$P8,H$3<=N(Отпуска!$R8))),1,"") | I8: =IF(OR(AND(I$3>=Отпуска!$D8,I$3<=N(Отпуска!$F8)),AND(I$3>=Отпуска!$H8,I$3<=N(Отпуска!$J8)),AND(I$3>=Отпуска!$L8,I$3<=N(Отпуска!$N8)),AND(I$3>=Отпуска!$P8,I$3<=N(Отпуска!$R8))),1,"") | J8: =IF(OR(AND(J$3>=Отпуска!$D8,J$3<=N(Отпуска!$F8)),AND(J$3>=Отпуска!$H8,J$3<=N(Отпуска!$J8)),AND(J$3>=Отпуска!$L8,J$3<=N(Отпуска!$N8)),AND(J$3>=Отпуска!$P8,J$3<=N(Отпуска!$R8))),1,"") | ... NC8: =IF(OR(AND(NC$3>=Отпуска!$D8,NC$3<=N(Отпуска!$F8)),AND(NC$3>=Отпуска!$H8,NC$3<=N(Отпуска!$J8)),AND(NC$3>=Отпуска!$L8,NC$3<=N(Отпуска!$N8)),AND(NC$3>=Отпуска!$P8,NC$3<=N(Отпуска!$R8))),1,"")
A9: =Отпуска!A9 -> 5 | B9: =IF(Отпуска!B9="","",Отпуска!B9) | C9: =IF(OR(AND(C$3>=Отпуска!$D9,C$3<=N(Отпуска!$F9)),AND(C$3>=Отпуска!$H9,C$3<=N(Отпуска!$J9)),AND(C$3>=Отпуска!$L9,C$3<=N(Отпуска!$N9)),AND(C$3>=Отпуска!$P9,C$3<=N(Отпуска!$R9))),1,"") | D9: =IF(OR(AND(D$3>=Отпуска!$D9,D$3<=N(Отпуска!$F9)),AND(D$3>=Отпуска!$H9,D$3<=N(Отпуска!$J9)),AND(D$3>=Отпуска!$L9,D$3<=N(Отпуска!$N9)),AND(D$3>=Отпуска!$P9,D$3<=N(Отпуска!$R9))),1,"") | E9: =IF(OR(AND(E$3>=Отпуска!$D9,E$3<=N(Отпуска!$F9)),AND(E$3>=Отпуска!$H9,E$3<=N(Отпуска!$J9)),AND(E$3>=Отпуска!$L9,E$3<=N(Отпуска!$N9)),AND(E$3>=Отпуска!$P9,E$3<=N(Отпуска!$R9))),1,"") | F9: =IF(OR(AND(F$3>=Отпуска!$D9,F$3<=N(Отпуска!$F9)),AND(F$3>=Отпуска!$H9,F$3<=N(Отпуска!$J9)),AND(F$3>=Отпуска!$L9,F$3<=N(Отпуска!$N9)),AND(F$3>=Отпуска!$P9,F$3<=N(Отпуска!$R9))),1,"") | G9: =IF(OR(AND(G$3>=Отпуска!$D9,G$3<=N(Отпуска!$F9)),AND(G$3>=Отпуска!$H9,G$3<=N(Отпуска!$J9)),AND(G$3>=Отпуска!$L9,G$3<=N(Отпуска!$N9)),AND(G$3>=Отпуска!$P9,G$3<=N(Отпуска!$R9))),1,"") | H9: =IF(OR(AND(H$3>=Отпуска!$D9,H$3<=N(Отпуска!$F9)),AND(H$3>=Отпуска!$H9,H$3<=N(Отпуска!$J9)),AND(H$3>=Отпуска!$L9,H$3<=N(Отпуска!$N9)),AND(H$3>=Отпуска!$P9,H$3<=N(Отпуска!$R9))),1,"") | I9: =IF(OR(AND(I$3>=Отпуска!$D9,I$3<=N(Отпуска!$F9)),AND(I$3>=Отпуска!$H9,I$3<=N(Отпуска!$J9)),AND(I$3>=Отпуска!$L9,I$3<=N(Отпуска!$N9)),AND(I$3>=Отпуска!$P9,I$3<=N(Отпуска!$R9))),1,"") | J9: =IF(OR(AND(J$3>=Отпуска!$D9,J$3<=N(Отпуска!$F9)),AND(J$3>=Отпуска!$H9,J$3<=N(Отпуска!$J9)),AND(J$3>=Отпуска!$L9,J$3<=N(Отпуска!$N9)),AND(J$3>=Отпуска!$P9,J$3<=N(Отпуска!$R9))),1,"") | ... NC9: =IF(OR(AND(NC$3>=Отпуска!$D9,NC$3<=N(Отпуска!$F9)),AND(NC$3>=Отпуска!$H9,NC$3<=N(Отпуска!$J9)),AND(NC$3>=Отпуска!$L9,NC$3<=N(Отпуска!$N9)),AND(NC$3>=Отпуска!$P9,NC$3<=N(Отпуска!$R9))),1,"")
A10: =Отпуска!A10 -> 6 | B10: =IF(Отпуска!B10="","",Отпуска!B10) | C10: =IF(OR(AND(C$3>=Отпуска!$D10,C$3<=N(Отпуска!$F10)),AND(C$3>=Отпуска!$H10,C$3<=N(Отпуска!$J10)),AND(C$3>=Отпуска!$L10,C$3<=N(Отпуска!$N10)),AND(C$3>=Отпуска!$P10,C$3<=N(Отпуска!$R10))),1,"") | D10: =IF(OR(AND(D$3>=Отпуска!$D10,D$3<=N(Отпуска!$F10)),AND(D$3>=Отпуска!$H10,D$3<=N(Отпуска!$J10)),AND(D$3>=Отпуска!$L10,D$3<=N(Отпуска!$N10)),AND(D$3>=Отпуска!$P10,D$3<=N(Отпуска!$R10))),1,"") | E10: =IF(OR(AND(E$3>=Отпуска!$D10,E$3<=N(Отпуска!$F10)),AND(E$3>=Отпуска!$H10,E$3<=N(Отпуска!$J10)),AND(E$3>=Отпуска!$L10,E$3<=N(Отпуска!$N10)),AND(E$3>=Отпуска!$P10,E$3<=N(Отпуска!$R10))),1,"") | F10: =IF(OR(AND(F$3>=Отпуска!$D10,F$3<=N(Отпуска!$F10)),AND(F$3>=Отпуска!$H10,F$3<=N(Отпуска!$J10)),AND(F$3>=Отпуска!$L10,F$3<=N(Отпуска!$N10)),AND(F$3>=Отпуска!$P10,F$3<=N(Отпуска!$R10))),1,"") | G10: =IF(OR(AND(G$3>=Отпуска!$D10,G$3<=N(Отпуска!$F10)),AND(G$3>=Отпуска!$H10,G$3<=N(Отпуска!$J10)),AND(G$3>=Отпуска!$L10,G$3<=N(Отпуска!$N10)),AND(G$3>=Отпуска!$P10,G$3<=N(Отпуска!$R10))),1,"") | H10: =IF(OR(AND(H$3>=Отпуска!$D10,H$3<=N(Отпуска!$F10)),AND(H$3>=Отпуска!$H10,H$3<=N(Отпуска!$J10)),AND(H$3>=Отпуска!$L10,H$3<=N(Отпуска!$N10)),AND(H$3>=Отпуска!$P10,H$3<=N(Отпуска!$R10))),1,"") | I10: =IF(OR(AND(I$3>=Отпуска!$D10,I$3<=N(Отпуска!$F10)),AND(I$3>=Отпуска!$H10,I$3<=N(Отпуска!$J10)),AND(I$3>=Отпуска!$L10,I$3<=N(Отпуска!$N10)),AND(I$3>=Отпуска!$P10,I$3<=N(Отпуска!$R10))),1,"") | J10: =IF(OR(AND(J$3>=Отпуска!$D10,J$3<=N(Отпуска!$F10)),AND(J$3>=Отпуска!$H10,J$3<=N(Отпуска!$J10)),AND(J$3>=Отпуска!$L10,J$3<=N(Отпуска!$N10)),AND(J$3>=Отпуска!$P10,J$3<=N(Отпуска!$R10))),1,"") | ... NC10: =IF(OR(AND(NC$3>=Отпуска!$D10,NC$3<=N(Отпуска!$F10)),AND(NC$3>=Отпуска!$H10,NC$3<=N(Отпуска!$J10)),AND(NC$3>=Отпуска!$L10,NC$3<=N(Отпуска!$N10)),AND(NC$3>=Отпуска!$P10,NC$3<=N(Отпуска!$R10))),1,"")
A11: =Отпуска!A11 -> 7 | B11: =IF(Отпуска!B11="","",Отпуска!B11) | C11: =IF(OR(AND(C$3>=Отпуска!$D11,C$3<=N(Отпуска!$F11)),AND(C$3>=Отпуска!$H11,C$3<=N(Отпуска!$J11)),AND(C$3>=Отпуска!$L11,C$3<=N(Отпуска!$N11)),AND(C$3>=Отпуска!$P11,C$3<=N(Отпуска!$R11))),1,"") | D11: =IF(OR(AND(D$3>=Отпуска!$D11,D$3<=N(Отпуска!$F11)),AND(D$3>=Отпуска!$H11,D$3<=N(Отпуска!$J11)),AND(D$3>=Отпуска!$L11,D$3<=N(Отпуска!$N11)),AND(D$3>=Отпуска!$P11,D$3<=N(Отпуска!$R11))),1,"") | E11: =IF(OR(AND(E$3>=Отпуска!$D11,E$3<=N(Отпуска!$F11)),AND(E$3>=Отпуска!$H11,E$3<=N(Отпуска!$J11)),AND(E$3>=Отпуска!$L11,E$3<=N(Отпуска!$N11)),AND(E$3>=Отпуска!$P11,E$3<=N(Отпуска!$R11))),1,"") | F11: =IF(OR(AND(F$3>=Отпуска!$D11,F$3<=N(Отпуска!$F11)),AND(F$3>=Отпуска!$H11,F$3<=N(Отпуска!$J11)),AND(F$3>=Отпуска!$L11,F$3<=N(Отпуска!$N11)),AND(F$3>=Отпуска!$P11,F$3<=N(Отпуска!$R11))),1,"") | G11: =IF(OR(AND(G$3>=Отпуска!$D11,G$3<=N(Отпуска!$F11)),AND(G$3>=Отпуска!$H11,G$3<=N(Отпуска!$J11)),AND(G$3>=Отпуска!$L11,G$3<=N(Отпуска!$N11)),AND(G$3>=Отпуска!$P11,G$3<=N(Отпуска!$R11))),1,"") | H11: =IF(OR(AND(H$3>=Отпуска!$D11,H$3<=N(Отпуска!$F11)),AND(H$3>=Отпуска!$H11,H$3<=N(Отпуска!$J11)),AND(H$3>=Отпуска!$L11,H$3<=N(Отпуска!$N11)),AND(H$3>=Отпуска!$P11,H$3<=N(Отпуска!$R11))),1,"") | I11: =IF(OR(AND(I$3>=Отпуска!$D11,I$3<=N(Отпуска!$F11)),AND(I$3>=Отпуска!$H11,I$3<=N(Отпуска!$J11)),AND(I$3>=Отпуска!$L11,I$3<=N(Отпуска!$N11)),AND(I$3>=Отпуска!$P11,I$3<=N(Отпуска!$R11))),1,"") | J11: =IF(OR(AND(J$3>=Отпуска!$D11,J$3<=N(Отпуска!$F11)),AND(J$3>=Отпуска!$H11,J$3<=N(Отпуска!$J11)),AND(J$3>=Отпуска!$L11,J$3<=N(Отпуска!$N11)),AND(J$3>=Отпуска!$P11,J$3<=N(Отпуска!$R11))),1,"") | ... NC11: =IF(OR(AND(NC$3>=Отпуска!$D11,NC$3<=N(Отпуска!$F11)),AND(NC$3>=Отпуска!$H11,NC$3<=N(Отпуска!$J11)),AND(NC$3>=Отпуска!$L11,NC$3<=N(Отпуска!$N11)),AND(NC$3>=Отпуска!$P11,NC$3<=N(Отпуска!$R11))),1,"")
A12: =Отпуска!A12 -> 8 | B12: =IF(Отпуска!B12="","",Отпуска!B12) | C12: =IF(OR(AND(C$3>=Отпуска!$D12,C$3<=N(Отпуска!$F12)),AND(C$3>=Отпуска!$H12,C$3<=N(Отпуска!$J12)),AND(C$3>=Отпуска!$L12,C$3<=N(Отпуска!$N12)),AND(C$3>=Отпуска!$P12,C$3<=N(Отпуска!$R12))),1,"") | D12: =IF(OR(AND(D$3>=Отпуска!$D12,D$3<=N(Отпуска!$F12)),AND(D$3>=Отпуска!$H12,D$3<=N(Отпуска!$J12)),AND(D$3>=Отпуска!$L12,D$3<=N(Отпуска!$N12)),AND(D$3>=Отпуска!$P12,D$3<=N(Отпуска!$R12))),1,"") | E12: =IF(OR(AND(E$3>=Отпуска!$D12,E$3<=N(Отпуска!$F12)),AND(E$3>=Отпуска!$H12,E$3<=N(Отпуска!$J12)),AND(E$3>=Отпуска!$L12,E$3<=N(Отпуска!$N12)),AND(E$3>=Отпуска!$P12,E$3<=N(Отпуска!$R12))),1,"") | F12: =IF(OR(AND(F$3>=Отпуска!$D12,F$3<=N(Отпуска!$F12)),AND(F$3>=Отпуска!$H12,F$3<=N(Отпуска!$J12)),AND(F$3>=Отпуска!$L12,F$3<=N(Отпуска!$N12)),AND(F$3>=Отпуска!$P12,F$3<=N(Отпуска!$R12))),1,"") | G12: =IF(OR(AND(G$3>=Отпуска!$D12,G$3<=N(Отпуска!$F12)),AND(G$3>=Отпуска!$H12,G$3<=N(Отпуска!$J12)),AND(G$3>=Отпуска!$L12,G$3<=N(Отпуска!$N12)),AND(G$3>=Отпуска!$P12,G$3<=N(Отпуска!$R12))),1,"") | H12: =IF(OR(AND(H$3>=Отпуска!$D12,H$3<=N(Отпуска!$F12)),AND(H$3>=Отпуска!$H12,H$3<=N(Отпуска!$J12)),AND(H$3>=Отпуска!$L12,H$3<=N(Отпуска!$N12)),AND(H$3>=Отпуска!$P12,H$3<=N(Отпуска!$R12))),1,"") | I12: =IF(OR(AND(I$3>=Отпуска!$D12,I$3<=N(Отпуска!$F12)),AND(I$3>=Отпуска!$H12,I$3<=N(Отпуска!$J12)),AND(I$3>=Отпуска!$L12,I$3<=N(Отпуска!$N12)),AND(I$3>=Отпуска!$P12,I$3<=N(Отпуска!$R12))),1,"") | J12: =IF(OR(AND(J$3>=Отпуска!$D12,J$3<=N(Отпуска!$F12)),AND(J$3>=Отпуска!$H12,J$3<=N(Отпуска!$J12)),AND(J$3>=Отпуска!$L12,J$3<=N(Отпуска!$N12)),AND(J$3>=Отпуска!$P12,J$3<=N(Отпуска!$R12))),1,"") | ... NC12: =IF(OR(AND(NC$3>=Отпуска!$D12,NC$3<=N(Отпуска!$F12)),AND(NC$3>=Отпуска!$H12,NC$3<=N(Отпуска!$J12)),AND(NC$3>=Отпуска!$L12,NC$3<=N(Отпуска!$N12)),AND(NC$3>=Отпуска!$P12,NC$3<=N(Отпуска!$R12))),1,"")
A13: =Отпуска!A13 -> 9 | B13: =IF(Отпуска!B13="","",Отпуска!B13) | C13: =IF(OR(AND(C$3>=Отпуска!$D13,C$3<=N(Отпуска!$F13)),AND(C$3>=Отпуска!$H13,C$3<=N(Отпуска!$J13)),AND(C$3>=Отпуска!$L13,C$3<=N(Отпуска!$N13)),AND(C$3>=Отпуска!$P13,C$3<=N(Отпуска!$R13))),1,"") | D13: =IF(OR(AND(D$3>=Отпуска!$D13,D$3<=N(Отпуска!$F13)),AND(D$3>=Отпуска!$H13,D$3<=N(Отпуска!$J13)),AND(D$3>=Отпуска!$L13,D$3<=N(Отпуска!$N13)),AND(D$3>=Отпуска!$P13,D$3<=N(Отпуска!$R13))),1,"") | E13: =IF(OR(AND(E$3>=Отпуска!$D13,E$3<=N(Отпуска!$F13)),AND(E$3>=Отпуска!$H13,E$3<=N(Отпуска!$J13)),AND(E$3>=Отпуска!$L13,E$3<=N(Отпуска!$N13)),AND(E$3>=Отпуска!$P13,E$3<=N(Отпуска!$R13))),1,"") | F13: =IF(OR(AND(F$3>=Отпуска!$D13,F$3<=N(Отпуска!$F13)),AND(F$3>=Отпуска!$H13,F$3<=N(Отпуска!$J13)),AND(F$3>=Отпуска!$L13,F$3<=N(Отпуска!$N13)),AND(F$3>=Отпуска!$P13,F$3<=N(Отпуска!$R13))),1,"") | G13: =IF(OR(AND(G$3>=Отпуска!$D13,G$3<=N(Отпуска!$F13)),AND(G$3>=Отпуска!$H13,G$3<=N(Отпуска!$J13)),AND(G$3>=Отпуска!$L13,G$3<=N(Отпуска!$N13)),AND(G$3>=Отпуска!$P13,G$3<=N(Отпуска!$R13))),1,"") | H13: =IF(OR(AND(H$3>=Отпуска!$D13,H$3<=N(Отпуска!$F13)),AND(H$3>=Отпуска!$H13,H$3<=N(Отпуска!$J13)),AND(H$3>=Отпуска!$L13,H$3<=N(Отпуска!$N13)),AND(H$3>=Отпуска!$P13,H$3<=N(Отпуска!$R13))),1,"") | I13: =IF(OR(AND(I$3>=Отпуска!$D13,I$3<=N(Отпуска!$F13)),AND(I$3>=Отпуска!$H13,I$3<=N(Отпуска!$J13)),AND(I$3>=Отпуска!$L13,I$3<=N(Отпуска!$N13)),AND(I$3>=Отпуска!$P13,I$3<=N(Отпуска!$R13))),1,"") | J13: =IF(OR(AND(J$3>=Отпуска!$D13,J$3<=N(Отпуска!$F13)),AND(J$3>=Отпуска!$H13,J$3<=N(Отпуска!$J13)),AND(J$3>=Отпуска!$L13,J$3<=N(Отпуска!$N13)),AND(J$3>=Отпуска!$P13,J$3<=N(Отпуска!$R13))),1,"") | ... NC13: =IF(OR(AND(NC$3>=Отпуска!$D13,NC$3<=N(Отпуска!$F13)),AND(NC$3>=Отпуска!$H13,NC$3<=N(Отпуска!$J13)),AND(NC$3>=Отпуска!$L13,NC$3<=N(Отпуска!$N13)),AND(NC$3>=Отпуска!$P13,NC$3<=N(Отпуска!$R13))),1,"")
A14: =Отпуска!A14 -> 10 | B14: =IF(Отпуска!B14="","",Отпуска!B14) | C14: =IF(OR(AND(C$3>=Отпуска!$D14,C$3<=N(Отпуска!$F14)),AND(C$3>=Отпуска!$H14,C$3<=N(Отпуска!$J14)),AND(C$3>=Отпуска!$L14,C$3<=N(Отпуска!$N14)),AND(C$3>=Отпуска!$P14,C$3<=N(Отпуска!$R14))),1,"") | D14: =IF(OR(AND(D$3>=Отпуска!$D14,D$3<=N(Отпуска!$F14)),AND(D$3>=Отпуска!$H14,D$3<=N(Отпуска!$J14)),AND(D$3>=Отпуска!$L14,D$3<=N(Отпуска!$N14)),AND(D$3>=Отпуска!$P14,D$3<=N(Отпуска!$R14))),1,"") | E14: =IF(OR(AND(E$3>=Отпуска!$D14,E$3<=N(Отпуска!$F14)),AND(E$3>=Отпуска!$H14,E$3<=N(Отпуска!$J14)),AND(E$3>=Отпуска!$L14,E$3<=N(Отпуска!$N14)),AND(E$3>=Отпуска!$P14,E$3<=N(Отпуска!$R14))),1,"") | F14: =IF(OR(AND(F$3>=Отпуска!$D14,F$3<=N(Отпуска!$F14)),AND(F$3>=Отпуска!$H14,F$3<=N(Отпуска!$J14)),AND(F$3>=Отпуска!$L14,F$3<=N(Отпуска!$N14)),AND(F$3>=Отпуска!$P14,F$3<=N(Отпуска!$R14))),1,"") | G14: =IF(OR(AND(G$3>=Отпуска!$D14,G$3<=N(Отпуска!$F14)),AND(G$3>=Отпуска!$H14,G$3<=N(Отпуска!$J14)),AND(G$3>=Отпуска!$L14,G$3<=N(Отпуска!$N14)),AND(G$3>=Отпуска!$P14,G$3<=N(Отпуска!$R14))),1,"") | H14: =IF(OR(AND(H$3>=Отпуска!$D14,H$3<=N(Отпуска!$F14)),AND(H$3>=Отпуска!$H14,H$3<=N(Отпуска!$J14)),AND(H$3>=Отпуска!$L14,H$3<=N(Отпуска!$N14)),AND(H$3>=Отпуска!$P14,H$3<=N(Отпуска!$R14))),1,"") | I14: =IF(OR(AND(I$3>=Отпуска!$D14,I$3<=N(Отпуска!$F14)),AND(I$3>=Отпуска!$H14,I$3<=N(Отпуска!$J14)),AND(I$3>=Отпуска!$L14,I$3<=N(Отпуска!$N14)),AND(I$3>=Отпуска!$P14,I$3<=N(Отпуска!$R14))),1,"") | J14: =IF(OR(AND(J$3>=Отпуска!$D14,J$3<=N(Отпуска!$F14)),AND(J$3>=Отпуска!$H14,J$3<=N(Отпуска!$J14)),AND(J$3>=Отпуска!$L14,J$3<=N(Отпуска!$N14)),AND(J$3>=Отпуска!$P14,J$3<=N(Отпуска!$R14))),1,"") | ... NC14: =IF(OR(AND(NC$3>=Отпуска!$D14,NC$3<=N(Отпуска!$F14)),AND(NC$3>=Отпуска!$H14,NC$3<=N(Отпуска!$J14)),AND(NC$3>=Отпуска!$L14,NC$3<=N(Отпуска!$N14)),AND(NC$3>=Отпуска!$P14,NC$3<=N(Отпуска!$R14))),1,"")
A15: =Отпуска!A15 -> 11 | B15: =IF(Отпуска!B15="","",Отпуска!B15) | C15: =IF(OR(AND(C$3>=Отпуска!$D15,C$3<=N(Отпуска!$F15)),AND(C$3>=Отпуска!$H15,C$3<=N(Отпуска!$J15)),AND(C$3>=Отпуска!$L15,C$3<=N(Отпуска!$N15)),AND(C$3>=Отпуска!$P15,C$3<=N(Отпуска!$R15))),1,"") | D15: =IF(OR(AND(D$3>=Отпуска!$D15,D$3<=N(Отпуска!$F15)),AND(D$3>=Отпуска!$H15,D$3<=N(Отпуска!$J15)),AND(D$3>=Отпуска!$L15,D$3<=N(Отпуска!$N15)),AND(D$3>=Отпуска!$P15,D$3<=N(Отпуска!$R15))),1,"") | E15: =IF(OR(AND(E$3>=Отпуска!$D15,E$3<=N(Отпуска!$F15)),AND(E$3>=Отпуска!$H15,E$3<=N(Отпуска!$J15)),AND(E$3>=Отпуска!$L15,E$3<=N(Отпуска!$N15)),AND(E$3>=Отпуска!$P15,E$3<=N(Отпуска!$R15))),1,"") | F15: =IF(OR(AND(F$3>=Отпуска!$D15,F$3<=N(Отпуска!$F15)),AND(F$3>=Отпуска!$H15,F$3<=N(Отпуска!$J15)),AND(F$3>=Отпуска!$L15,F$3<=N(Отпуска!$N15)),AND(F$3>=Отпуска!$P15,F$3<=N(Отпуска!$R15))),1,"") | G15: =IF(OR(AND(G$3>=Отпуска!$D15,G$3<=N(Отпуска!$F15)),AND(G$3>=Отпуска!$H15,G$3<=N(Отпуска!$J15)),AND(G$3>=Отпуска!$L15,G$3<=N(Отпуска!$N15)),AND(G$3>=Отпуска!$P15,G$3<=N(Отпуска!$R15))),1,"") | H15: =IF(OR(AND(H$3>=Отпуска!$D15,H$3<=N(Отпуска!$F15)),AND(H$3>=Отпуска!$H15,H$3<=N(Отпуска!$J15)),AND(H$3>=Отпуска!$L15,H$3<=N(Отпуска!$N15)),AND(H$3>=Отпуска!$P15,H$3<=N(Отпуска!$R15))),1,"") | I15: =IF(OR(AND(I$3>=Отпуска!$D15,I$3<=N(Отпуска!$F15)),AND(I$3>=Отпуска!$H15,I$3<=N(Отпуска!$J15)),AND(I$3>=Отпуска!$L15,I$3<=N(Отпуска!$N15)),AND(I$3>=Отпуска!$P15,I$3<=N(Отпуска!$R15))),1,"") | J15: =IF(OR(AND(J$3>=Отпуска!$D15,J$3<=N(Отпуска!$F15)),AND(J$3>=Отпуска!$H15,J$3<=N(Отпуска!$J15)),AND(J$3>=Отпуска!$L15,J$3<=N(Отпуска!$N15)),AND(J$3>=Отпуска!$P15,J$3<=N(Отпуска!$R15))),1,"") | ... NC15: =IF(OR(AND(NC$3>=Отпуска!$D15,NC$3<=N(Отпуска!$F15)),AND(NC$3>=Отпуска!$H15,NC$3<=N(Отпуска!$J15)),AND(NC$3>=Отпуска!$L15,NC$3<=N(Отпуска!$N15)),AND(NC$3>=Отпуска!$P15,NC$3<=N(Отпуска!$R15))),1,"")
A16: =Отпуска!A16 -> 12 | B16: =IF(Отпуска!B16="","",Отпуска!B16) | C16: =IF(OR(AND(C$3>=Отпуска!$D16,C$3<=N(Отпуска!$F16)),AND(C$3>=Отпуска!$H16,C$3<=N(Отпуска!$J16)),AND(C$3>=Отпуска!$L16,C$3<=N(Отпуска!$N16)),AND(C$3>=Отпуска!$P16,C$3<=N(Отпуска!$R16))),1,"") | D16: =IF(OR(AND(D$3>=Отпуска!$D16,D$3<=N(Отпуска!$F16)),AND(D$3>=Отпуска!$H16,D$3<=N(Отпуска!$J16)),AND(D$3>=Отпуска!$L16,D$3<=N(Отпуска!$N16)),AND(D$3>=Отпуска!$P16,D$3<=N(Отпуска!$R16))),1,"") | E16: =IF(OR(AND(E$3>=Отпуска!$D16,E$3<=N(Отпуска!$F16)),AND(E$3>=Отпуска!$H16,E$3<=N(Отпуска!$J16)),AND(E$3>=Отпуска!$L16,E$3<=N(Отпуска!$N16)),AND(E$3>=Отпуска!$P16,E$3<=N(Отпуска!$R16))),1,"") | F16: =IF(OR(AND(F$3>=Отпуска!$D16,F$3<=N(Отпуска!$F16)),AND(F$3>=Отпуска!$H16,F$3<=N(Отпуска!$J16)),AND(F$3>=Отпуска!$L16,F$3<=N(Отпуска!$N16)),AND(F$3>=Отпуска!$P16,F$3<=N(Отпуска!$R16))),1,"") | G16: =IF(OR(AND(G$3>=Отпуска!$D16,G$3<=N(Отпуска!$F16)),AND(G$3>=Отпуска!$H16,G$3<=N(Отпуска!$J16)),AND(G$3>=Отпуска!$L16,G$3<=N(Отпуска!$N16)),AND(G$3>=Отпуска!$P16,G$3<=N(Отпуска!$R16))),1,"") | H16: =IF(OR(AND(H$3>=Отпуска!$D16,H$3<=N(Отпуска!$F16)),AND(H$3>=Отпуска!$H16,H$3<=N(Отпуска!$J16)),AND(H$3>=Отпуска!$L16,H$3<=N(Отпуска!$N16)),AND(H$3>=Отпуска!$P16,H$3<=N(Отпуска!$R16))),1,"") | I16: =IF(OR(AND(I$3>=Отпуска!$D16,I$3<=N(Отпуска!$F16)),AND(I$3>=Отпуска!$H16,I$3<=N(Отпуска!$J16)),AND(I$3>=Отпуска!$L16,I$3<=N(Отпуска!$N16)),AND(I$3>=Отпуска!$P16,I$3<=N(Отпуска!$R16))),1,"") | J16: =IF(OR(AND(J$3>=Отпуска!$D16,J$3<=N(Отпуска!$F16)),AND(J$3>=Отпуска!$H16,J$3<=N(Отпуска!$J16)),AND(J$3>=Отпуска!$L16,J$3<=N(Отпуска!$N16)),AND(J$3>=Отпуска!$P16,J$3<=N(Отпуска!$R16))),1,"") | ... NC16: =IF(OR(AND(NC$3>=Отпуска!$D16,NC$3<=N(Отпуска!$F16)),AND(NC$3>=Отпуска!$H16,NC$3<=N(Отпуска!$J16)),AND(NC$3>=Отпуска!$L16,NC$3<=N(Отпуска!$N16)),AND(NC$3>=Отпуска!$P16,NC$3<=N(Отпуска!$R16))),1,"")
... A44: =Отпуска!A44 -> 40 | B44: =IF(Отпуска!B44="","",Отпуска!B44) | C44: =IF(OR(AND(C$3>=Отпуска!$D44,C$3<=N(Отпуска!$F44)),AND(C$3>=Отпуска!$H44,C$3<=N(Отпуска!$J44)),AND(C$3>=Отпуска!$L44,C$3<=N(Отпуска!$N44)),AND(C$3>=Отпуска!$P44,C$3<=N(Отпуска!$R44))),1,"") | D44: =IF(OR(AND(D$3>=Отпуска!$D44,D$3<=N(Отпуска!$F44)),AND(D$3>=Отпуска!$H44,D$3<=N(Отпуска!$J44)),AND(D$3>=Отпуска!$L44,D$3<=N(Отпуска!$N44)),AND(D$3>=Отпуска!$P44,D$3<=N(Отпуска!$R44))),1,"") | E44: =IF(OR(AND(E$3>=Отпуска!$D44,E$3<=N(Отпуска!$F44)),AND(E$3>=Отпуска!$H44,E$3<=N(Отпуска!$J44)),AND(E$3>=Отпуска!$L44,E$3<=N(Отпуска!$N44)),AND(E$3>=Отпуска!$P44,E$3<=N(Отпуска!$R44))),1,"") | F44: =IF(OR(AND(F$3>=Отпуска!$D44,F$3<=N(Отпуска!$F44)),AND(F$3>=Отпуска!$H44,F$3<=N(Отпуска!$J44)),AND(F$3>=Отпуска!$L44,F$3<=N(Отпуска!$N44)),AND(F$3>=Отпуска!$P44,F$3<=N(Отпуска!$R44))),1,"") | G44: =IF(OR(AND(G$3>=Отпуска!$D44,G$3<=N(Отпуска!$F44)),AND(G$3>=Отпуска!$H44,G$3<=N(Отпуска!$J44)),AND(G$3>=Отпуска!$L44,G$3<=N(Отпуска!$N44)),AND(G$3>=Отпуска!$P44,G$3<=N(Отпуска!$R44))),1,"") | H44: =IF(OR(AND(H$3>=Отпуска!$D44,H$3<=N(Отпуска!$F44)),AND(H$3>=Отпуска!$H44,H$3<=N(Отпуска!$J44)),AND(H$3>=Отпуска!$L44,H$3<=N(Отпуска!$N44)),AND(H$3>=Отпуска!$P44,H$3<=N(Отпуска!$R44))),1,"") | I44: =IF(OR(AND(I$3>=Отпуска!$D44,I$3<=N(Отпуска!$F44)),AND(I$3>=Отпуска!$H44,I$3<=N(Отпуска!$J44)),AND(I$3>=Отпуска!$L44,I$3<=N(Отпуска!$N44)),AND(I$3>=Отпуска!$P44,I$3<=N(Отпуска!$R44))),1,"") | J44: =IF(OR(AND(J$3>=Отпуска!$D44,J$3<=N(Отпуска!$F44)),AND(J$3>=Отпуска!$H44,J$3<=N(Отпуска!$J44)),AND(J$3>=Отпуска!$L44,J$3<=N(Отпуска!$N44)),AND(J$3>=Отпуска!$P44,J$3<=N(Отпуска!$R44))),1,"") | ... NC44: =IF(OR(AND(NC$3>=Отпуска!$D44,NC$3<=N(Отпуска!$F44)),AND(NC$3>=Отпуска!$H44,NC$3<=N(Отпуска!$J44)),AND(NC$3>=Отпуска!$L44,NC$3<=N(Отпуска!$N44)),AND(NC$3>=Отпуска!$P44,NC$3<=N(Отпуска!$R44))),1,"")
B45: В отпуске, чел. | C45: =IF(COUNT(C5:C44)=0,"",COUNT(C5:C44)) | D45: =IF(COUNT(D5:D44)=0,"",COUNT(D5:D44)) | E45: =IF(COUNT(E5:E44)=0,"",COUNT(E5:E44)) | F45: =IF(COUNT(F5:F44)=0,"",COUNT(F5:F44)) | G45: =IF(COUNT(G5:G44)=0,"",COUNT(G5:G44)) | H45: =IF(COUNT(H5:H44)=0,"",COUNT(H5:H44)) | I45: =IF(COUNT(I5:I44)=0,"",COUNT(I5:I44)) | J45: =IF(COUNT(J5:J44)=0,"",COUNT(J5:J44)) | ... NC45: =IF(COUNT(NC5:NC44)=0,"",COUNT(NC5:NC44))

Sheet Праздники
A1: Дата | B1: Праздник | C1: Основание | E1: Нерабочие праздничные дни, попавшие в отпуск, в число дней отпуска не входят — отпуск продлевается (ст. 120 ТК РФ).
A2: 46388 | B2: Новогодние каникулы | C2: ст. 112 ТК РФ | E2: Переносы выходных (постановление Правительства) на подсчёт не влияют — отпуск считается в календарных днях.
A3: 46389 | B3: Новогодние каникулы | C3: ст. 112 ТК РФ | E3: Список можно править: добавьте/удалите даты в столбце A (до строки 41) — всё пересчитается автоматически.
A4: 46390 | B4: Новогодние каникулы | C4: ст. 112 ТК РФ | E4: Региональные дни ЛНР (12.05 и 30.09) — по указу Главы ЛНР от января 2023 г. Перед утверждением графика сверьте с кадрами.
A5: 46391 | B5: Новогодние каникулы | C5: ст. 112 ТК РФ
A6: 46392 | B6: Новогодние каникулы | C6: ст. 112 ТК РФ
A7: 46393 | B7: Новогодние каникулы | C7: ст. 112 ТК РФ
A8: 46394 | B8: Рождество Христово | C8: ст. 112 ТК РФ
A9: 46395 | B9: Новогодние каникулы | C9: ст. 112 ТК РФ
A10: 46441 | B10: День защитника Отечества | C10: ст. 112 ТК РФ
A11: 46454 | B11: Международный женский день | C11: ст. 112 ТК РФ
A12: 46508 | B12: Праздник Весны и Труда | C12: ст. 112 ТК РФ
A13: 46516 | B13: День Победы | C13: ст. 112 ТК РФ
A14: 46519 | B14: День Луганской Народной Республики | C14: Указ Главы ЛНР (янв. 2023), региональный
A15: 46550 | B15: День России | C15: ст. 112 ТК РФ
A16: 46660 | B16: День воссоединения ЛНР с Россией | C16: Указ Главы ЛНР (янв. 2023), региональный
A17: 46695 | B17: День народного единства | C17: ст. 112 ТК РФ
